{"name":"desk 5","magData":[[21.11924,-87],[23.526281,-90.4],[26.207662,-90.98],[29.194651,-90.88],[32.522078,-91.15],[36.228744,-94.7],[40.357874,-91.96],[44.957617,-90.73],[50.08161,-93.71],[55.789605,-84.27],[62.148161,-74.92],[69.231427,-72.67],[77.122,-64.8],[85.911892,-61],[95.703602,-62.11],[106.611311,-71.41],[118.762213,-62.28],[132.298001,-53.58],[147.376515,-60.78],[164.173586,-61.98],[182.885083,-60.35],[203.729202,-64.36],[226.949005,-65.66],[252.815259,-71.99],[281.62959,-65.85],[313.728002,-61.01],[349.484793,-64.59],[389.316924,-67.23],[433.688876,-67.37],[483.118072,-68.74],[538.180903,-71.93],[599.519458,-73.17],[667.849005,-71.98],[743.966334,-73.75],[828.759049,-75.03],[923.215916,-74.65],[1028.438398,-77.28],[1145.653492,-77.28],[1276.228043,-76.07],[1421.684679,-77.77],[1583.719569,-76.31],[1764.222202,-76.76],[1965.297416,-76.87],[2189.289949,-77.17],[2438.811775,-70.13],[2716.772567,-68.06],[3026.413623,-66.17],[3371.345665,-67.71],[3755.590944,-70.8],[4183.630141,-68.05],[4660.454616,-69.75],[5191.624618,-71.78],[5783.334116,-72.26],[6442.483029,-69.51],[7176.757687,-71.58],[7994.720463,-74.33],[8905.909614,-72.68],[9920.950509,-70.99],[11051.679534,-71.29],[12311.28211,-70.34],[13714.446453,-71.07],[15277.534853,-73.27],[17018.774472,-79.89],[18958.46989,-82.55]],"phaseData":[[21.11924,0],[23.526281,0],[26.207662,0.00003],[29.194651,0.00006],[32.522078,0],[36.228744,-0.00001],[40.357874,0],[44.957617,0.001],[50.08161,0],[55.789605,-0.00009],[62.148161,0],[69.231427,0],[77.122,0],[85.911892,0],[95.703602,0],[106.611311,0],[118.762213,0],[132.298001,0],[147.376515,0.00002],[164.173586,0],[182.885083,0],[203.729202,0],[226.949005,0],[252.815259,0.00309],[281.62959,0],[313.728002,0],[349.484793,0],[389.316924,0],[433.688876,0.00002],[483.118072,-0.00035],[538.180903,0.00152],[599.519458,-0.00007],[667.849005,0],[743.966334,0],[828.759049,-0.01056],[923.215916,0.00022],[1028.438398,0.00008],[1145.653492,0.00032],[1276.228043,0.00895],[1421.684679,0.00084],[1583.719569,-0.02287],[1764.222202,-0.0001],[1965.297416,-0.00079],[2189.289949,-0.00859],[2438.811775,0.00004],[2716.772567,0.00001],[3026.413623,0.00001],[3371.345665,-0.00949],[3755.590944,0.00004],[4183.630141,-0.00064],[4660.454616,0.00002],[5191.624618,0.3243],[5783.334116,0.05663],[6442.483029,0.52139],[7176.757687,0.50285],[7994.720463,0.00507],[8905.909614,0.24439],[9920.950509,0.00165],[11051.679534,0.00209],[12311.28211,-0.00145],[13714.446453,-0.01381],[15277.534853,-0.38753],[17018.774472,-2.61327],[18958.46989,-0.99341]],"offset":-77.28,"speakerModel":null,"samples":4,"recordingLevel":71.13}