{"name":"desk 4","magData":[[21.11924,-83.95],[23.526281,-87.84],[26.207662,-86.98],[29.194651,-85.33],[32.522078,-86.32],[36.228744,-88.13],[40.357874,-85.77],[44.957617,-78.28],[50.08161,-75.92],[55.789605,-81.86],[62.148161,-86.24],[69.231427,-81.68],[77.122,-68.17],[85.911892,-62.86],[95.703602,-63.4],[106.611311,-73.05],[118.762213,-66.3],[132.298001,-53.61],[147.376515,-60.95],[164.173586,-64.2],[182.885083,-59.03],[203.729202,-61.25],[226.949005,-64.09],[252.815259,-62.86],[281.62959,-67.93],[313.728002,-65.21],[349.484793,-64.73],[389.316924,-63.4],[433.688876,-71.27],[483.118072,-67.74],[538.180903,-69.3],[599.519458,-67.83],[667.849005,-68.34],[743.966334,-66.87],[828.759049,-71.28],[923.215916,-71.43],[1028.438398,-71.71],[1145.653492,-72.3],[1276.228043,-74.21],[1421.684679,-73.44],[1583.719569,-70.08],[1764.222202,-71.97],[1965.297416,-73.01],[2189.289949,-71.05],[2438.811775,-67.94],[2716.772567,-65.11],[3026.413623,-68.1],[3371.345665,-69.07],[3755.590944,-65.08],[4183.630141,-64.51],[4660.454616,-69.4],[5191.624618,-67.13],[5783.334116,-68.87],[6442.483029,-65.88],[7176.757687,-68.97],[7994.720463,-69.02],[8905.909614,-69.53],[9920.950509,-69.68],[11051.679534,-69.54],[12311.28211,-69.12],[13714.446453,-70.6],[15277.534853,-72.58],[17018.774472,-79.62],[18958.46989,-82.68]],"phaseData":[[21.11924,-0.00001],[23.526281,-0.00001],[26.207662,-0.00001],[29.194651,-0.00002],[32.522078,-0.00001],[36.228744,0],[40.357874,0],[44.957617,0],[50.08161,0],[55.789605,0],[62.148161,-0.00001],[69.231427,0.00008],[77.122,0],[85.911892,0],[95.703602,0.00013],[106.611311,0],[118.762213,0],[132.298001,0],[147.376515,0],[164.173586,0],[182.885083,0],[203.729202,0],[226.949005,-0.00002],[252.815259,0],[281.62959,0],[313.728002,0],[349.484793,-0.00011],[389.316924,-0.00002],[433.688876,-0.00003],[483.118072,0.04465],[538.180903,0],[599.519458,0.00004],[667.849005,0.00005],[743.966334,0],[828.759049,-0.00005],[923.215916,0.00001],[1028.438398,-0.00031],[1145.653492,-0.00078],[1276.228043,-0.0011],[1421.684679,-0.00006],[1583.719569,0],[1764.222202,0.00007],[1965.297416,-0.00545],[2189.289949,-0.00061],[2438.811775,-0.00263],[2716.772567,0],[3026.413623,-0.0001],[3371.345665,0.00017],[3755.590944,0.00006],[4183.630141,-0.01009],[4660.454616,0.00414],[5191.624618,-0.03488],[5783.334116,0.00217],[6442.483029,0.01245],[7176.757687,0.00744],[7994.720463,0.83169],[8905.909614,-0.90799],[9920.950509,0.01704],[11051.679534,0.01602],[12311.28211,-0.0091],[13714.446453,-0.00333],[15277.534853,-0.20191],[17018.774472,-0.01664],[18958.46989,-47.10586]],"offset":-71.71,"speakerModel":"jamo 803","samples":4,"recordingLevel":75.31333333333333}