{"name":"Desk","magData":[[21.11924,-87.19],[23.526281,-86.86],[26.207662,-86.99],[29.194651,-89.11],[32.522078,-94.09],[36.228744,-86.75],[40.357874,-77.88],[44.957617,-69.56],[50.08161,-77.93],[55.789605,-77.55],[62.148161,-70.7],[69.231427,-65.03],[77.122,-59.3],[85.911892,-56.26],[95.703602,-52.14],[106.611311,-59.01],[118.762213,-55.36],[132.298001,-48.52],[147.376515,-56.43],[164.173586,-54.15],[182.885083,-57.43],[203.729202,-60.3],[226.949005,-56.19],[252.815259,-56.51],[281.62959,-56.97],[313.728002,-58.2],[349.484793,-59.36],[389.316924,-60.43],[433.688876,-60.06],[483.118072,-59.6],[538.180903,-62.42],[599.519458,-62.05],[667.849005,-62.45],[743.966334,-61.62],[828.759049,-65.16],[923.215916,-66.85],[1028.438398,-66.86],[1145.653492,-69.91],[1276.228043,-70.55],[1421.684679,-72.07],[1583.719569,-70.31],[1764.222202,-68.14],[1965.297416,-69.01],[2189.289949,-69.68],[2438.811775,-69.71],[2716.772567,-70.89],[3026.413623,-69.43],[3371.345665,-67.94],[3755.590944,-67.08],[4183.630141,-65.96],[4660.454616,-67.97],[5191.624618,-67.27],[5783.334116,-66.62],[6442.483029,-67.28],[7176.757687,-65.05],[7994.720463,-68.8],[8905.909614,-68.47],[9920.950509,-69.36],[11051.679534,-68.64],[12311.28211,-68.62],[13714.446453,-69.97],[15277.534853,-72.31],[17018.774472,-78.54],[18958.46989,-82.72]],"phaseData":[[21.11924,0],[23.526281,0],[26.207662,0],[29.194651,0],[32.522078,-0.00025],[36.228744,0],[40.357874,0],[44.957617,0],[50.08161,0],[55.789605,0],[62.148161,0],[69.231427,0],[77.122,-0.00004],[85.911892,0],[95.703602,-0.00003],[106.611311,0],[118.762213,0],[132.298001,0],[147.376515,0],[164.173586,0],[182.885083,-0.00003],[203.729202,0],[226.949005,0.00035],[252.815259,0],[281.62959,0],[313.728002,0],[349.484793,0],[389.316924,0],[433.688876,-0.00003],[483.118072,0],[538.180903,0],[599.519458,0],[667.849005,0],[743.966334,0],[828.759049,0],[923.215916,0.00002],[1028.438398,0.00008],[1145.653492,0.00169],[1276.228043,-0.00296],[1421.684679,-0.00024],[1583.719569,-0.01818],[1764.222202,0.00003],[1965.297416,0.00147],[2189.289949,0.0003],[2438.811775,0.00005],[2716.772567,-0.03456],[3026.413623,0.00004],[3371.345665,-0.00081],[3755.590944,-0.00015],[4183.630141,0.00001],[4660.454616,-0.00065],[5191.624618,-0.00125],[5783.334116,-0.06095],[6442.483029,-0.07721],[7176.757687,-0.00006],[7994.720463,0.00827],[8905.909614,-0.15871],[9920.950509,0.00398],[11051.679534,0.0565],[12311.28211,-0.01682],[13714.446453,-0.04021],[15277.534853,-0.23094],[17018.774472,-1.03104],[18958.46989,-0.1684]],"offset":-66.86,"speakerModel":"jamo s803","samples":4,"recordingLevel":77.53333333333333}