{"name":"desk 3","magData":[[21.11924,-87.23],[23.526281,-90.88],[26.207662,-92.33],[29.194651,-90.77],[32.522078,-92.89],[36.228744,-94.54],[40.357874,-91.29],[44.957617,-83.14],[50.08161,-80.61],[55.789605,-87.28],[62.148161,-95.56],[69.231427,-87.66],[77.122,-74.76],[85.911892,-69.81],[95.703602,-68.98],[106.611311,-77.98],[118.762213,-72.41],[132.298001,-59.81],[147.376515,-66.69],[164.173586,-70.47],[182.885083,-65.2],[203.729202,-67.4],[226.949005,-70.15],[252.815259,-69.42],[281.62959,-72.29],[313.728002,-73.45],[349.484793,-72.26],[389.316924,-68.98],[433.688876,-76.79],[483.118072,-74.44],[538.180903,-74.24],[599.519458,-75.28],[667.849005,-77.06],[743.966334,-77.97],[828.759049,-79.93],[923.215916,-80.73],[1028.438398,-80.62],[1145.653492,-79.2],[1276.228043,-80.64],[1421.684679,-81.57],[1583.719569,-81.71],[1764.222202,-79.84],[1965.297416,-78.2],[2189.289949,-75.87],[2438.811775,-73.56],[2716.772567,-73.7],[3026.413623,-76.08],[3371.345665,-73.67],[3755.590944,-73.38],[4183.630141,-75.34],[4660.454616,-73.68],[5191.624618,-76.08],[5783.334116,-73.16],[6442.483029,-75],[7176.757687,-76.67],[7994.720463,-74.77],[8905.909614,-74.84],[9920.950509,-74.2],[11051.679534,-72.38],[12311.28211,-71.53],[13714.446453,-71.69],[15277.534853,-73.77],[17018.774472,-80.42],[18958.46989,-83.11]],"phaseData":[[21.11924,0.00001],[23.526281,0],[26.207662,-0.00003],[29.194651,0.00001],[32.522078,-0.00001],[36.228744,0.0008],[40.357874,-0.00001],[44.957617,0],[50.08161,-0.00003],[55.789605,0],[62.148161,0.05623],[69.231427,-0.00015],[77.122,0],[85.911892,0],[95.703602,-0.00001],[106.611311,-0.00005],[118.762213,0],[132.298001,0],[147.376515,0],[164.173586,-0.00002],[182.885083,0],[203.729202,0],[226.949005,0],[252.815259,0],[281.62959,-0.00001],[313.728002,0],[349.484793,0.00001],[389.316924,0.00052],[433.688876,0.00001],[483.118072,-0.0004],[538.180903,0.00004],[599.519458,0],[667.849005,0.00007],[743.966334,0.00003],[828.759049,0.00079],[923.215916,0.00527],[1028.438398,-0.00018],[1145.653492,-0.00009],[1276.228043,-0.00281],[1421.684679,-0.00771],[1583.719569,-0.23463],[1764.222202,-0.00084],[1965.297416,-0.006],[2189.289949,-0.00026],[2438.811775,-0.17651],[2716.772567,-0.00005],[3026.413623,-0.01627],[3371.345665,-0.0148],[3755.590944,-0.00229],[4183.630141,0.0253],[4660.454616,-1.29225],[5191.624618,0.01977],[5783.334116,0.00005],[6442.483029,2.93099],[7176.757687,0.00066],[7994.720463,-0.41658],[8905.909614,0.00811],[9920.950509,2.2164],[11051.679534,0.01749],[12311.28211,0.00365],[13714.446453,-0.00955],[15277.534853,-0.09487],[17018.774472,-0.00009],[18958.46989,-11.95493]],"offset":-80.62,"speakerModel":"jamo 803","samples":4,"recordingLevel":67.60333333333334}