{"name":"desk 2","magData":[[21.11924,-82.56],[23.526281,-79.73],[26.207662,-79.59],[29.194651,-80.18],[32.522078,-86.09],[36.228744,-79],[40.357874,-70.67],[44.957617,-61.09],[50.08161,-69.15],[55.789605,-74.12],[62.148161,-63.07],[69.231427,-56.84],[77.122,-51.34],[85.911892,-47.78],[95.703602,-43.18],[106.611311,-51.4],[118.762213,-48.97],[132.298001,-40.7],[147.376515,-49.26],[164.173586,-46.33],[182.885083,-48.97],[203.729202,-52.68],[226.949005,-48.21],[252.815259,-48.13],[281.62959,-49.08],[313.728002,-49.74],[349.484793,-52.82],[389.316924,-53.12],[433.688876,-51.96],[483.118072,-51.03],[538.180903,-54.82],[599.519458,-54.18],[667.849005,-54.06],[743.966334,-55.18],[828.759049,-57.36],[923.215916,-62.23],[1028.438398,-63.5],[1145.653492,-63.12],[1276.228043,-64.67],[1421.684679,-64.6],[1583.719569,-62.96],[1764.222202,-61.58],[1965.297416,-58],[2189.289949,-61.69],[2438.811775,-60.14],[2716.772567,-60.72],[3026.413623,-58.84],[3371.345665,-52.99],[3755.590944,-54.36],[4183.630141,-58.48],[4660.454616,-56.6],[5191.624618,-56.82],[5783.334116,-55.05],[6442.483029,-56.6],[7176.757687,-58.72],[7994.720463,-57.96],[8905.909614,-60.78],[9920.950509,-60.22],[11051.679534,-58.61],[12311.28211,-60.96],[13714.446453,-63.04],[15277.534853,-66.73],[17018.774472,-71.53],[18958.46989,-78.49]],"phaseData":[[21.11924,0],[23.526281,0],[26.207662,0],[29.194651,0],[32.522078,0],[36.228744,0],[40.357874,0],[44.957617,0],[50.08161,0],[55.789605,0],[62.148161,0],[69.231427,0],[77.122,0],[85.911892,0],[95.703602,0],[106.611311,0],[118.762213,0],[132.298001,0],[147.376515,0],[164.173586,0],[182.885083,0],[203.729202,0],[226.949005,0],[252.815259,0],[281.62959,0],[313.728002,0],[349.484793,0],[389.316924,0],[433.688876,0],[483.118072,0],[538.180903,0],[599.519458,0],[667.849005,0],[743.966334,0],[828.759049,0],[923.215916,-0.00025],[1028.438398,-0.00007],[1145.653492,-0.00003],[1276.228043,0.00027],[1421.684679,0.00001],[1583.719569,-0.00002],[1764.222202,-0.00004],[1965.297416,-0.00041],[2189.289949,0.00087],[2438.811775,0],[2716.772567,0],[3026.413623,-0.00085],[3371.345665,-0.00001],[3755.590944,0.02222],[4183.630141,-0.00016],[4660.454616,0.00001],[5191.624618,0.0001],[5783.334116,-0.00002],[6442.483029,-0.00017],[7176.757687,0.00001],[7994.720463,-0.00041],[8905.909614,-0.00083],[9920.950509,0.00048],[11051.679534,-0.00502],[12311.28211,0.0143],[13714.446453,-0.11281],[15277.534853,0.00107],[17018.774472,-0.05492],[18958.46989,1.97079]],"offset":-63.5,"speakerModel":null,"samples":4,"recordingLevel":81.74333333333334}