{"name":"desk 4","compensationID":512,"rawData":{"samplerate":48000,"f_min":77.122,"f_max":17018.774472,"error_input":16.528759621300413,"frequencies_full":[21.11924,23.526281,26.207662,29.194651,32.522078,36.228744,40.357874,44.957617,50.08161,55.789605,62.148161,69.231427,77.122,85.911892,95.703602,106.611311,118.762213,132.298001,147.376515,164.173586,182.885083,203.729202,226.949005,252.815259,281.62959,313.728002,349.484793,389.316924,433.688876,483.118072,538.180903,599.519458,667.849005,743.966334,828.759049,923.215916,1028.438398,1145.653492,1276.228043,1421.684679,1583.719569,1764.222202,1965.297416,2189.289949,2438.811775,2716.772567,3026.413623,3371.345665,3755.590944,4183.630141,4660.454616,5191.624618,5783.334116,6442.483029,7176.757687,7994.720463,8905.909614,9920.950509,11051.679534,12311.28211,13714.446453,15277.534853,17018.774472,18958.46989],"response_normalized_full":[-15.653428571428577,-19.543428571428578,-18.68342857142858,-17.033428571428573,-18.023428571428568,-19.83342857142857,-17.47342857142857,-9.983428571428576,-7.623428571428576,-13.563428571428574,-17.94342857142857,-13.383428571428581,0.1265714285714239,5.436571428571426,4.896571428571427,-4.753428571428572,1.9965714285714284,14.686571428571426,7.346571428571423,4.096571428571423,9.266571428571424,7.046571428571426,4.206571428571422,5.436571428571426,0.3665714285714188,3.086571428571432,3.5665714285714216,4.896571428571427,-2.9734285714285704,0.5565714285714307,-1.0034285714285716,0.4665714285714273,-0.04342857142857781,1.426571428571421,-2.9834285714285755,-3.133428571428581,-3.413428571428568,-4.003428571428572,-5.913428571428568,-5.143428571428572,-1.7834285714285727,-3.6734285714285733,-4.7134285714285795,-2.7534285714285716,0.3565714285714279,3.186571428571426,0.19657142857143128,-0.7734285714285676,3.2165714285714273,3.7865714285714205,-1.10342857142858,1.1665714285714301,-0.573428571428579,2.41657142857143,-0.6734285714285733,-0.7234285714285704,-1.2334285714285755,-1.3834285714285812,-1.2434285714285807,-0.823428571428579,-2.3034285714285687,-4.283428571428573,-11.323428571428579,-14.383428571428581],"response_optimize_range":[0.1265714285714239,5.436571428571426,4.896571428571427,-4.753428571428572,1.9965714285714284,14.686571428571426,7.346571428571423,4.096571428571423,9.266571428571424,7.046571428571426,4.206571428571422,5.436571428571426,0.3665714285714188,3.086571428571432,3.5665714285714216,4.896571428571427,-2.9734285714285704,0.5565714285714307,-1.0034285714285716,0.4665714285714273,-0.04342857142857781,1.426571428571421,-2.9834285714285755,-3.133428571428581,-3.413428571428568,-4.003428571428572,-5.913428571428568,-5.143428571428572,-1.7834285714285727,-3.6734285714285733,-4.7134285714285795,-2.7534285714285716,0.3565714285714279,3.186571428571426,0.19657142857143128,-0.7734285714285676,3.2165714285714273,3.7865714285714205,-1.10342857142858,1.1665714285714301,-0.573428571428579,2.41657142857143,-0.6734285714285733,-0.7234285714285704,-1.2334285714285755,-1.3834285714285812,-1.2434285714285807,-0.823428571428579,-2.3034285714285687,-4.283428571428573],"frequencies":[77.122,85.911892,95.703602,106.611311,118.762213,132.298001,147.376515,164.173586,182.885083,203.729202,226.949005,252.815259,281.62959,313.728002,349.484793,389.316924,433.688876,483.118072,538.180903,599.519458,667.849005,743.966334,828.759049,923.215916,1028.438398,1145.653492,1276.228043,1421.684679,1583.719569,1764.222202,1965.297416,2189.289949,2438.811775,2716.772567,3026.413623,3371.345665,3755.590944,4183.630141,4660.454616,5191.624618,5783.334116,6442.483029,7176.757687,7994.720463,8905.909614,9920.950509,11051.679534,12311.28211,13714.446453,15277.534853],"target_curve":[0,0,0,0,0,0,0,0,0,0,0,0,0,0,0,0,0,0,0,0,0,0,0,0,-0.03653484956066588,-0.17715984957552866,-0.3177848498820355,-0.45840984961230724,-0.5990348491507045,-0.7396598495729547,-0.8802848494069075,-1.020909849681059,-1.1615348496087488,-1.3021598497058497,-1.4427848496244948,-1.5834098494103328,-1.72403484947389,-1.864659849645422,-2.0052848493769395,-2.1459098493979907,-2.286534849542735,-2.4271598495750624,-2.5677848494359763,-2.7084098494629054,-2.8490348494998385,-2.989659849437799,-3.3273982175146952,-3.680780629296349,-4.034163040921461,-4.38754545269342],"target_weights":[[1,0.3],[1,0.3],[1,0.3],[1,0.6],[1,0.6],[1,0.6],[1,0.6],[1,0.6],[1,0.6],[0.9,0.7],[0.9,0.7],[0.9,0.7],[0.9,0.7],[0.9,0.7],[0.9,0.7],[0.9,0.7],[0.9,0.7],[0.9,0.7],[0.9,0.5],[0.9,0.5],[0.9,0.5],[0.9,0.5],[0.9,0.5],[0.9,0.5],[0.5,0.3],[0.5,0.3],[0.5,0.3],[0.5,0.3],[0.5,0.3],[0.5,0.3],[0.5,0.3],[0.5,0.3],[0.5,0.3],[0.5,0.3],[0.5,0.3],[0.5,0.3],[0.5,0.3],[0.5,0.3],[0.5,0.3],[0.5,0.3],[0.5,0.3],[0.5,0.3],[0.5,0.3],[0.5,0.3],[0.5,0.3],[0.5,0.3],0.1,0.1,0.1,0.1],"correction_curve":[-3.7400400820335955,-5.415553864101883,-3.5793721998495345,-1.302621236562129,-6.8788677619926775,-11.895028691274408,-11.2397721022916,-9.840088138289556,-8.380711976158977,-7.2426239779335955,-5.374905637186626,-4.042254078726143,-3.1663013951478884,-2.6350912524941963,-2.681515734655666,-3.331992548997401,-1.232836959667656,0.2814197453249926,0.20426842047825527,0.05624669928221191,0.15081061353725628,0.3701635108929715,0.6930890247765079,1.1406241205814587,1.7201120604444402,2.312703232257174,2.564566435185727,2.212395600791452,1.5094405832404205,0.800992881483631,0.19350286507261508,-0.3407613187715295,-0.8590463328782327,-1.416793047120209,-2.060660162117808,-2.8157665335266366,-3.646183218086006,-4.382201676100218,-4.709680988478263,-4.4263011699846375,-3.7094404364288422,-2.8910047983446834,-2.168392585386076,-1.595311570611867,-1.1603564638162036,-0.8352248593588603,-0.5928037123916753,-0.41169783911737307,-0.27619618659091777,-0.17514622660404516],"correction_angle":[],"response_corrected":[-3.6134686534621716,0.021017564469542727,1.3171992287218919,-6.056049807990701,-4.88229633342125,2.7915427372970196,-3.8932006737201768,-5.743516709718134,0.8858594524124463,-0.19605254936216976,-1.1683342086152038,1.394317349845283,-2.7997299665764697,0.45148017607723523,0.885055693915755,1.5645788795740265,-4.206265531096226,0.8379911738964235,-0.7991601509503163,0.5228181278536391,0.10738204210867851,1.7967349394643926,-2.2903395466520666,-1.9928044508471223,-1.693316510984128,-1.6907253391713983,-3.348862136242842,-2.9310329706371205,-0.2739879881881522,-2.8724356899449415,-4.519925706355963,-3.0941898902001013,-0.5024749043068046,1.769778381451217,-1.864088733546376,-3.589195104955204,-0.4296117895145782,-0.5956302475287963,-5.813109559906843,-3.259729741413208,-4.282869007857421,-0.4744333697732527,-2.841821156814649,-2.318740142040437,-2.393785035244779,-2.2186534307874406,-1.8362322838202554,-1.2351264105459518,-2.579624758019487,-4.458574798032617],"eqs":[{"a0":1,"a1":-1.9701552472681145,"a2":0.9705219141044323,"b0":0.9899218516768202,"b1":-1.9701552472681145,"b2":0.9806000624276122,"type":"eq","f0":147.376515,"q":1.1465472802642578,"db":-9.999999999999904},{"a0":1,"a1":-1.2196813625650245,"a2":0.48810920978531247,"b0":0.8911793256289849,"b1":-1.2196813625650245,"b2":0.5969298841563274,"type":"eq","f0":4660.454616,"q":1.0983603401289908,"db":-4.809233375224154},{"a0":1,"a1":-1.8839762718337412,"a2":0.9105748000905333,"b0":1.0184456261990253,"b1":-1.8839762718337412,"b2":0.8921291738915081,"type":"eq","f0":1276.228043,"q":1.4945797351546295,"db":2.9999999999999996},{"a0":1,"a1":-1.9858116270462454,"a2":0.9883930673127372,"b0":0.9986159493201462,"b1":-1.9858116270462454,"b2":0.9897771179925909,"type":"eq","f0":389.316924,"q":4.999999999999608,"db":-2.366452390674268},{"a0":1,"a1":-1.9801102975845122,"a2":0.9840764325358573,"b0":1.0014317098752747,"b1":-1.9801102975845122,"b2":0.9826447226605827,"type":"eq","f0":483.118072,"q":3.6247832617118747,"db":1.436335351877114},{"a0":1,"a1":-1.9936779289579225,"a2":0.9943870780434926,"b0":0.999712872970037,"b1":-1.9936779289579225,"b2":0.9946742050734557,"type":"eq","f0":203.729202,"q":4.9999714355324185,