{"name":"desk 4","compensationID":511,"rawData":{"samplerate":48000,"f_min":77.122,"f_max":17018.774472,"error_input":15.998681582366158,"frequencies_full":[21.11924,23.526281,26.207662,29.194651,32.522078,36.228744,40.357874,44.957617,50.08161,55.789605,62.148161,69.231427,77.122,85.911892,95.703602,106.611311,118.762213,132.298001,147.376515,164.173586,182.885083,203.729202,226.949005,252.815259,281.62959,313.728002,349.484793,389.316924,433.688876,483.118072,538.180903,599.519458,667.849005,743.966334,828.759049,923.215916,1028.438398,1145.653492,1276.228043,1421.684679,1583.719569,1764.222202,1965.297416,2189.289949,2438.811775,2716.772567,3026.413623,3371.345665,3755.590944,4183.630141,4660.454616,5191.624618,5783.334116,6442.483029,7176.757687,7994.720463,8905.909614,9920.950509,11051.679534,12311.28211,13714.446453,15277.534853,17018.774472,18958.46989],"response_normalized_full":[-15.653428571428577,-19.543428571428578,-18.68342857142858,-17.033428571428573,-18.023428571428568,-19.83342857142857,-17.47342857142857,-9.983428571428576,-7.623428571428576,-13.563428571428574,-17.94342857142857,-13.383428571428581,0.1265714285714239,5.436571428571426,4.896571428571427,-4.753428571428572,1.9965714285714284,14.686571428571426,7.346571428571423,4.096571428571423,9.266571428571424,7.046571428571426,4.206571428571422,5.436571428571426,0.3665714285714188,3.086571428571432,3.5665714285714216,4.896571428571427,-2.9734285714285704,0.5565714285714307,-1.0034285714285716,0.4665714285714273,-0.04342857142857781,1.426571428571421,-2.9834285714285755,-3.133428571428581,-3.413428571428568,-4.003428571428572,-5.913428571428568,-5.143428571428572,-1.7834285714285727,-3.6734285714285733,-4.7134285714285795,-2.7534285714285716,0.3565714285714279,3.186571428571426,0.19657142857143128,-0.7734285714285676,3.2165714285714273,3.7865714285714205,-1.10342857142858,1.1665714285714301,-0.573428571428579,2.41657142857143,-0.6734285714285733,-0.7234285714285704,-1.2334285714285755,-1.3834285714285812,-1.2434285714285807,-0.823428571428579,-2.3034285714285687,-4.283428571428573,-11.323428571428579,-14.383428571428581],"response_optimize_range":[0.1265714285714239,5.436571428571426,4.896571428571427,-4.753428571428572,1.9965714285714284,14.686571428571426,7.346571428571423,4.096571428571423,9.266571428571424,7.046571428571426,4.206571428571422,5.436571428571426,0.3665714285714188,3.086571428571432,3.5665714285714216,4.896571428571427,-2.9734285714285704,0.5565714285714307,-1.0034285714285716,0.4665714285714273,-0.04342857142857781,1.426571428571421,-2.9834285714285755,-3.133428571428581,-3.413428571428568,-4.003428571428572,-5.913428571428568,-5.143428571428572,-1.7834285714285727,-3.6734285714285733,-4.7134285714285795,-2.7534285714285716,0.3565714285714279,3.186571428571426,0.19657142857143128,-0.7734285714285676,3.2165714285714273,3.7865714285714205,-1.10342857142858,1.1665714285714301,-0.573428571428579,2.41657142857143,-0.6734285714285733,-0.7234285714285704,-1.2334285714285755,-1.3834285714285812,-1.2434285714285807,-0.823428571428579,-2.3034285714285687,-4.283428571428573],"frequencies":[77.122,85.911892,95.703602,106.611311,118.762213,132.298001,147.376515,164.173586,182.885083,203.729202,226.949005,252.815259,281.62959,313.728002,349.484793,389.316924,433.688876,483.118072,538.180903,599.519458,667.849005,743.966334,828.759049,923.215916,1028.438398,1145.653492,1276.228043,1421.684679,1583.719569,1764.222202,1965.297416,2189.289949,2438.811775,2716.772567,3026.413623,3371.345665,3755.590944,4183.630141,4660.454616,5191.624618,5783.334116,6442.483029,7176.757687,7994.720463,8905.909614,9920.950509,11051.679534,12311.28211,13714.446453,15277.534853],"target_curve":[0,0,0,0,0,0,0,0,0,0,0,0,0,0,0,0,0,0,0,0,0,0,0,0,0,0,0,0,0,0,0,0,0,0,0,0,0,0,0,0,0,0,0,0,0,0,0,0,0,0],"target_weights":[[1,1],[1,1],[1,1],[1,1],[1,1],[1,1],[1,1],[1,1],[1,1],[1,1],[1,1],[1,1],[1,1],[1,1],[1,1],[1,1],[1,1],[1,1],[1,1],[1,1],[1,1],[1,1],[1,1],[1,1],[1,1],[1,1],[1,1],[1,1],[1,1],[1,1],[1,1],[1,1],[1,1],[1,1],[1,1],[1,1],[1,1],[1,1],[1,1],[1,1],[1,1],[1,1],[1,1],[1,1],[1,1],[1,1],[1,1],[1,1],[1,1],[1,1]],"correction_curve":[-1.5541079082485814,-2.0293774483009765,-2.671052742362311,-3.5375388018218334,-4.687247656337517,-6.117023680320311,-7.564311030823372,-8.249577601469234,-7.5622426114157575,-6.117325860127886,-4.703087607484546,-3.605833203824272,-2.9105982792585143,-2.8997601665438104,-3.599292969473973,-1.2859372810988308,0.7638543558387438,0.23617270656205805,-0.061160004689579495,-0.2780748714273576,-0.4780050182619706,0.43440422214613683,1.3665571529813496,2.2247021651672387,3.2613295373005933,4.674776893217115,5.788748194784733,4.86796038025904,3.7821291430719186,3.6362387205343096,4.4583306904258615,2.157927868888918,0.19484549416281924,-1.882273168727332,-0.7852764499637479,-0.5266343092493719,-1.4784548788395473,-3.6575276432554564,-1.4584100594628762,-0.39761189230873434,-0.07087539416334664,0.07129363113077132,0.16310313704016424,0.25035845317099975,0.36000990675716954,0.5227899104073259,0.7930577760297836,1.283824225185251,2.1777645946768494,3.0019435061337654],"correction_angle":[],"response_corrected":[-1.4275364796771575,3.4071939802704496,2.225518686209116,-8.290967373250407,-2.6906762277660894,8.569547748251114,-0.2177396022519489,-4.15300617289781,1.7043288171556672,0.9292455684435373,-0.49651617891312466,1.8307382247471538,-2.5440268506870956,0.18681126202762158,-0.03272154090255173,3.6106341474725965,-2.2095742155898264,0.7927441351334887,-1.0645885761181513,0.18849655714406977,-0.5214335896905484,1.8609756507175583,-1.616871418447226,-0.9087264062613427,-0.1520990341279754,0.6713483217885432,-0.12468037664383624,-0.27546819116953164,1.9987005716433466,-0.03718985089426401,-0.2550978810027186,-0.5955007025396531,0.5514169227342469,1.3042982598440946,-0.5887050213923167,-1.3000628806779395,1.7381165497318802,0.12904378531596372,-2.5618386308914567,0.7689595362626962,-0.6443039655919256,2.4878650597022016,-0.510325434388409,-0.4730701182575707,-0.8734186646714062,-0.8606386610212553,-0.45037079539879715,0.4603956537566721,-0.12566397675171948,-1.2814850652948075],"eqs":[{"a0":1,"a1":-1.9734571793339182,"a2":0.9739129696791687,"b0":0.9919896492782819,"b1":-1.9734571793339182,"b2":0.981923320400887,"type":"eq","f0":164.173586,"q":1.3087557788137176,"db":-8.271070556493012},{"a0":1,"a1":-1.8515275686198367,"a2":0.8776679765901716,"b0":1.0252332762830993,"b1":-1.8515275686198367,"b2":0.852434700307072,"type":"eq","f0":1276.228043,"q":1.0737263328447622,"db":2.999999999998755},{"a0":1,"a1":0.653909706660561,"a2":0.5719460512097213,"b0":1.0882941625000078,"b1":0.653909706660561,"b2":0.4836518887097134,"type":"eq","f0":15277.534853,"q":1.4049146549655744,"db":2.9999999999999996},{"a0":1,"a1":-1.6030094433371092,"a2":0.877592689752763,"b0":0.9778346601230395,"b1":-1.6030094433371092,"b2":0.8997580296297235,"type":"eq","f0":4183.630141,"q":4.99999999999907,"db":-3.905725849385734},{"a0":1,"a1":-1.927796646168502,"a2":0.9550138432919845,"b0":1.0086836974241393,"b1":-1.927796646168502,"b2":0.946330145867845,"type":"eq","f0":1276.228043,"q":3.068984940176558,"db":2.8356460690512453},{"a0":1,"a1":-1.987373464980899,"a2":0.9894548967885636,"b0":0.9986522558644871,"b1":-1.987373464980899,"b2":0.9908026409240765,"type":"eq","f0":349.484793,"q":4.999999116322303,"db":-2.5640496334320955},{"a0":1,"a1":-1.9866498646811344,"a2":0.989855460202516,"b0":1.001210453573525,"b1":-1.9866498646811344,"b2":0.9886450066289914,"type":"eq","f0":433.688876,"q":4.999999999999715,"db":1.8589118105231142},{"a0":1,"a1":-1.8013702735165693,"a2":0.9216068123196556,"b0":0.9893542211024231,"b1":-1.8013702735165693,"b2":0.9322525912172325,"type":"eq","f0":2716.772567,"q":4.999999999998983,"db":-2.752596393151493},{"a0":1,"a1":-1.8933969582263492,"a2":0.9578259626517747,"b0":1.0083304232185692,"b1":-1.8933969582263492,"b2":0.9494955394332054,"type":"eq","f0":1965.297416,"q":4.999999999983014,