{"name":"desk 4","compensationID":520,"rawData":{"samplerate":48000,"f_min":77.122,"f_max":17018.774472,"error_input":31.287300178556407,"frequencies_full":[21.11924,23.526281,26.207662,29.194651,32.522078,36.228744,40.357874,44.957617,50.08161,55.789605,62.148161,69.231427,77.122,85.911892,95.703602,106.611311,118.762213,132.298001,147.376515,164.173586,182.885083,203.729202,226.949005,252.815259,281.62959,313.728002,349.484793,389.316924,433.688876,483.118072,538.180903,599.519458,667.849005,743.966334,828.759049,923.215916,1028.438398,1145.653492,1276.228043,1421.684679,1583.719569,1764.222202,1965.297416,2189.289949,2438.811775,2716.772567,3026.413623,3371.345665,3755.590944,4183.630141,4660.454616,5191.624618,5783.334116,6442.483029,7176.757687,7994.720463,8905.909614,9920.950509,11051.679534,12311.28211,13714.446453,15277.534853,17018.774472,18958.46989],"response_normalized_full":[-15.653428571428577,-19.543428571428578,-18.68342857142858,-17.033428571428573,-18.023428571428568,-19.83342857142857,-17.47342857142857,-9.983428571428576,-7.623428571428576,-13.563428571428574,-17.94342857142857,-13.383428571428581,0.1265714285714239,5.436571428571426,4.896571428571427,-4.753428571428572,1.9965714285714284,14.686571428571426,7.346571428571423,4.096571428571423,9.266571428571424,7.046571428571426,4.206571428571422,5.436571428571426,0.3665714285714188,3.086571428571432,3.5665714285714216,4.896571428571427,-2.9734285714285704,0.5565714285714307,-1.0034285714285716,0.4665714285714273,-0.04342857142857781,1.426571428571421,-2.9834285714285755,-3.133428571428581,-3.413428571428568,-4.003428571428572,-5.913428571428568,-5.143428571428572,-1.7834285714285727,-3.6734285714285733,-4.7134285714285795,-2.7534285714285716,0.3565714285714279,3.186571428571426,0.19657142857143128,-0.7734285714285676,3.2165714285714273,3.7865714285714205,-1.10342857142858,1.1665714285714301,-0.573428571428579,2.41657142857143,-0.6734285714285733,-0.7234285714285704,-1.2334285714285755,-1.3834285714285812,-1.2434285714285807,-0.823428571428579,-2.3034285714285687,-4.283428571428573,-11.323428571428579,-14.383428571428581],"response_optimize_range":[0.1265714285714239,5.436571428571426,4.896571428571427,-4.753428571428572,1.9965714285714284,14.686571428571426,7.346571428571423,4.096571428571423,9.266571428571424,7.046571428571426,4.206571428571422,5.436571428571426,0.3665714285714188,3.086571428571432,3.5665714285714216,4.896571428571427,-2.9734285714285704,0.5565714285714307,-1.0034285714285716,0.4665714285714273,-0.04342857142857781,1.426571428571421,-2.9834285714285755,-3.133428571428581,-3.413428571428568,-4.003428571428572,-5.913428571428568,-5.143428571428572,-1.7834285714285727,-3.6734285714285733,-4.7134285714285795,-2.7534285714285716,0.3565714285714279,3.186571428571426,0.19657142857143128,-0.7734285714285676,3.2165714285714273,3.7865714285714205,-1.10342857142858,1.1665714285714301,-0.573428571428579,2.41657142857143,-0.6734285714285733,-0.7234285714285704,-1.2334285714285755,-1.3834285714285812,-1.2434285714285807,-0.823428571428579,-2.3034285714285687,-4.283428571428573],"frequencies":[77.122,85.911892,95.703602,106.611311,118.762213,132.298001,147.376515,164.173586,182.885083,203.729202,226.949005,252.815259,281.62959,313.728002,349.484793,389.316924,433.688876,483.118072,538.180903,599.519458,667.849005,743.966334,828.759049,923.215916,1028.438398,1145.653492,1276.228043,1421.684679,1583.719569,1764.222202,1965.297416,2189.289949,2438.811775,2716.772567,3026.413623,3371.345665,3755.590944,4183.630141,4660.454616,5191.624618,5783.334116,6442.483029,7176.757687,7994.720463,8905.909614,9920.950509,11051.679534,12311.28211,13714.446453,15277.534853],"target_curve":[0,0,0,0,0,0,0,0,0,0,0,0,0,0,0,0,0,0,0,0,0,0,0,0,0,0,0,0,0,0,0,0,0,0,0,0,0,0,0,0,0,0,0,0,0,0,0,0,0,0],"target_weights":[[1,0.5],[1,0.5],[1,0.5],[1,0.5],[1,0.5],[1,0.5],[1,0.5],[1,0.5],[1,0.5],[1,0.5],[1,0.5],0,0,0,0,0,0,0,0,0,0,0,0,0,0,0,0,0,0,0,0,0,0,0,0,0,0,0,0,0,0,0,0,0,0,0,0,0,0,0],"correction_curve":[-3.599967293868383,-5.083593909150064,-2.790961150542345,0.37299867007287063,-6.733970179394853,-13.143327126881628,-11.155773428347983,-8.46330731027757,-8.707894254329064,-6.87213523818348,-5.297327817785333,-4.216143666956383,-3.443077649260208,-2.9033541749952563,-2.558305919114343,-2.3918955653221965,-2.410898373636803,-2.65200008733594,-3.1977695737386593,-4.204361233368547,-5.923223646902494,-8.500045959186489,-10.304585775141259,-8.363123616539756,-5.640762877384151,-3.762472278103106,-2.5739820289007755,-1.8131820702641146,-1.3109307929146818,-0.9683311819111633,-0.7275847065748218,-0.5540542694949132,-0.4262996685654537,-0.33060094937045564,-0.25789721489152456,-0.20202958054273912,-0.15870251614989508,-0.12485140228933424,-0.09824627797192766,-0.07723677475012487,-0.06058372692295563,-0.04734535862573913,-0.03679867492343571,-0.02838408727979364,-0.021665716480127866,-0.016302507416210088,-0.012026972552846273,-0.008629463580479365,-0.005946601418879372,-0.003853037702972036],"correction_angle":[],"response_corrected":[-3.473395865296959,0.35297751942136124,2.105610278029083,-4.380429901355701,-4.737398750823426,1.5432443016897963,-3.809201999776561,-4.366735881706147,0.5586771742423602,0.17443619038794633,-1.0907563892139107,1.2204277616150423,-3.076506220688789,0.18321725357617596,1.0082655094570785,2.5046758632492305,-5.384326945065373,-2.0954286587645092,-4.20119814516723,-3.7377898047971185,-5.966652218331072,-7.0734745306150675,-13.288014346569835,-11.496552187968337,-9.054191448812718,-7.765900849531679,-8.487410600329342,-6.956610641692687,-3.094359364343255,-4.641759753339737,-5.441013278003402,-3.307482840923485,-0.0697282399940258,2.855970479200971,-0.06132578632009319,-0.9754581519713067,3.0578689124215317,3.6617200262820866,-1.201674849400508,1.0893346538213051,-0.6340122983515346,2.3692260699456904,-0.710227246352009,-0.7518126587083641,-1.2550942879087041,-1.3997310788447912,-1.255455543981427,-0.8320580350090582,-2.309375172847448,-4.2872816091315435],"eqs":[{"a0":1,"a1":-1.9701167802109152,"a2":0.9704834398881047,"b0":0.9899086978763957,"b1":-1.9701167802109152,"b2":0.9805747420117091,"type":"eq","f0":147.376515,"q":1.1450304229338928,"db":-9.99999999999999},{"a0":1,"a1":-1.9954947936086533,"a2":0.995794060520689,"b0":0.9993169992069879,"b1":-1.9954947936086533,"b2":0.996477061313701,"type":"eq","f0":132.298001,"q":4.999999999999979,"db":-3.4110835327376092},{"a0":1,"a1":-1.9974599098799561,"a2":0.9976544311734137,"b0":1.0004838176022286,"b1":-1.9974599098799561,"b2":0.9971706135711852,"type":"eq","f0":106.611311,"q":4.99999999999957,"db":2.9999999999829323},{"a0":1,"a1":-1.9001700132043415,"a2":0.9114065097696352,"b0":0.96971111740893,"b1":-1.9001700132043415,"b2":0.9416953923607053,"type":"eq","f0":828.759049,"q":2.0769973798387675,"db":-9.999998899668354},{"a0":1,"a1":-1.9974599098702335,"a2":0.9976544311636902,"b0":1.000483817590483,"b1":-1.9974599098702335,"b2":0.9971706135732071,"type":"eq","f0":106.611311,"q":4.999999999999999,"db":2.999999927883785},{"a0":1,"a1":-1.9972988203523874,"a2":0.9974251251259322,"b0":0.9996923241591997,"b1":-1.9972988203523874,"b2":0.9977328009667322,"type":"eq","f0":85.911892,"q":4.999999999816098,"db":-2.3721144262807696},{"a0":1,"a1":-1.997314919055377,"a2":0.9975094262290005,"b0":1.000314639314671,"b1":-1.997314919055377,"b2":0.9971947869143295,"type":"eq","f0":106.611311,"q":4.999999153035599,"db":1.9566927602633806},{"a0":1,"a1":-1.9958450554563358,"a2":0.9961443748975896,"b0":0.9996217157536489,"b1":-1.9958450554563358,"b2":0.9965226591439408,"type":"eq","f0":132.298001,"q":4.999999999928718,"db":-1.8973057932160704},{"a0":1,"a1":-1.995777607823002,"a2":0.9962385533020524,"b0":1.0005652794139037,"b1":-1.995777607823002,"b2":0.9956732738881487,"type":"eq","f0":164.173586,"q":4.999999998161612,"db":2.2826405389317403},{"a0":1,"a1":-1.9942066955559525,"a2":0.9947782764749414,"b0":0.9995723519648969,"b1":-1.9942066955559525,