{"name":"desk 4","compensationID":510,"rawData":{"samplerate":48000,"f_min":77.122,"f_max":17018.774472,"error_input":17.381588396203327,"frequencies_full":[21.11924,23.526281,26.207662,29.194651,32.522078,36.228744,40.357874,44.957617,50.08161,55.789605,62.148161,69.231427,77.122,85.911892,95.703602,106.611311,118.762213,132.298001,147.376515,164.173586,182.885083,203.729202,226.949005,252.815259,281.62959,313.728002,349.484793,389.316924,433.688876,483.118072,538.180903,599.519458,667.849005,743.966334,828.759049,923.215916,1028.438398,1145.653492,1276.228043,1421.684679,1583.719569,1764.222202,1965.297416,2189.289949,2438.811775,2716.772567,3026.413623,3371.345665,3755.590944,4183.630141,4660.454616,5191.624618,5783.334116,6442.483029,7176.757687,7994.720463,8905.909614,9920.950509,11051.679534,12311.28211,13714.446453,15277.534853,17018.774472,18958.46989],"response_normalized_full":[-15.653428571428577,-19.543428571428578,-18.68342857142858,-17.033428571428573,-18.023428571428568,-19.83342857142857,-17.47342857142857,-9.983428571428576,-7.623428571428576,-13.563428571428574,-17.94342857142857,-13.383428571428581,0.1265714285714239,5.436571428571426,4.896571428571427,-4.753428571428572,1.9965714285714284,14.686571428571426,7.346571428571423,4.096571428571423,9.266571428571424,7.046571428571426,4.206571428571422,5.436571428571426,0.3665714285714188,3.086571428571432,3.5665714285714216,4.896571428571427,-2.9734285714285704,0.5565714285714307,-1.0034285714285716,0.4665714285714273,-0.04342857142857781,1.426571428571421,-2.9834285714285755,-3.133428571428581,-3.413428571428568,-4.003428571428572,-5.913428571428568,-5.143428571428572,-1.7834285714285727,-3.6734285714285733,-4.7134285714285795,-2.7534285714285716,0.3565714285714279,3.186571428571426,0.19657142857143128,-0.7734285714285676,3.2165714285714273,3.7865714285714205,-1.10342857142858,1.1665714285714301,-0.573428571428579,2.41657142857143,-0.6734285714285733,-0.7234285714285704,-1.2334285714285755,-1.3834285714285812,-1.2434285714285807,-0.823428571428579,-2.3034285714285687,-4.283428571428573,-11.323428571428579,-14.383428571428581],"response_optimize_range":[0.1265714285714239,5.436571428571426,4.896571428571427,-4.753428571428572,1.9965714285714284,14.686571428571426,7.346571428571423,4.096571428571423,9.266571428571424,7.046571428571426,4.206571428571422,5.436571428571426,0.3665714285714188,3.086571428571432,3.5665714285714216,4.896571428571427,-2.9734285714285704,0.5565714285714307,-1.0034285714285716,0.4665714285714273,-0.04342857142857781,1.426571428571421,-2.9834285714285755,-3.133428571428581,-3.413428571428568,-4.003428571428572,-5.913428571428568,-5.143428571428572,-1.7834285714285727,-3.6734285714285733,-4.7134285714285795,-2.7534285714285716,0.3565714285714279,3.186571428571426,0.19657142857143128,-0.7734285714285676,3.2165714285714273,3.7865714285714205,-1.10342857142858,1.1665714285714301,-0.573428571428579,2.41657142857143,-0.6734285714285733,-0.7234285714285704,-1.2334285714285755,-1.3834285714285812,-1.2434285714285807,-0.823428571428579,-2.3034285714285687,-4.283428571428573],"frequencies":[77.122,85.911892,95.703602,106.611311,118.762213,132.298001,147.376515,164.173586,182.885083,203.729202,226.949005,252.815259,281.62959,313.728002,349.484793,389.316924,433.688876,483.118072,538.180903,599.519458,667.849005,743.966334,828.759049,923.215916,1028.438398,1145.653492,1276.228043,1421.684679,1583.719569,1764.222202,1965.297416,2189.289949,2438.811775,2716.772567,3026.413623,3371.345665,3755.590944,4183.630141,4660.454616,5191.624618,5783.334116,6442.483029,7176.757687,7994.720463,8905.909614,9920.950509,11051.679534,12311.28211,13714.446453,15277.534853],"target_curve":[0,0,0,0,0,0,0,0,0,0,0,0,0,0,0,0,0,0,0,0,0,0,0,0,0,0,0,0,0,0,0,0,0,0,0,0,0,0,0,0,0,0,0,0,0,0,0,0,0,0],"target_weights":[[1,0.3],[1,0.3],[1,0.3],[1,0.6],[1,0.6],[1,0.6],[1,0.6],[1,0.6],[1,0.6],[0.9,0.7],[0.9,0.7],[0.9,0.7],[0.9,0.7],[0.9,0.7],[0.9,0.7],[0.9,0.7],[0.9,0.7],[0.9,0.7],0.6,0.6,0.6,0.6,0.6,0.6,0.6,0.6,0.6,0.6,0.6,0.6,0.6,0.6,0.6,0.6,0.6,0.6,0.6,0.6,0.6,0.4,0.4,0.4,0.4,0.4,0.4,0.4,0.1,0.1,0.1,0.1],"correction_curve":[-2.9152728236849703,-3.73531640438339,-4.793621327857505,-6.132101673896491,-7.72095795476491,-9.267639903785255,-9.982528452576172,-9.26285620778707,-7.712415010945882,-6.1226639774459475,-4.7900829746165074,-3.7540513417770587,-2.9994918109365063,-2.5663893291716016,-2.779610488102359,-3.7565486647795683,-1.961479488469079,-0.8732709310092329,-0.3126867486804141,0.11598533186881362,0.5334486127675859,1.0031894331494233,1.5826336378390953,2.3412870537177377,3.3742810303915944,4.742798117357666,5.698153246108751,4.894692266361523,3.779250320655748,3.438290846212421,3.9463011374477457,1.906597127882103,0.08557105913024754,-1.9154655395345195,-0.6214476892354185,-0.25967729379471277,-3.1215184159706686,-2.859928116015526,-1.0041235647464504,-0.20929877667928154,0.09964495229555798,0.28020387538897523,0.43324767842755807,0.6005260080568862,0.8105031056923255,1.0928036045038647,1.483286583374808,2.013521640094271,2.6368423558166376,3.0003343929970776],"correction_angle":[],"response_corrected":[-2.7887013951135464,1.7012550241880353,0.10295010071392356,-10.885530245325064,-5.724386526193482,5.418931524786171,-2.6359570240047505,-5.166284779215648,1.554156417625541,0.9239074511254786,-0.583511546045087,1.6825200867943675,-2.6329203823650875,0.5201820993998301,0.7869609404690632,1.1400227637918583,-4.93490805989765,-0.3166995024378021,-1.3161153201089855,0.5825567604402409,0.49002004133900817,2.4297608617208444,-1.4007949335894803,-0.792141517710844,-0.039147541036973134,0.7393695459290958,-0.21527532531981924,-0.24873630506704775,1.995821749227175,-0.23513772521615223,-0.7671274339808349,-0.8468314435464688,0.44214248770167586,1.2711058890369065,-0.42487626066398726,-1.0331058652232799,0.09505301260075838,0.9266433125558942,-2.1075521361750305,0.9572726518921485,-0.47378361913302103,2.6967753039604054,-0.24018089300101514,-0.12290256337168434,-0.4229254657362499,-0.2906249669247166,0.23985801194622783,1.1900930686656919,0.3334137843880691,-1.2830941784314942],"eqs":[{"a0":1,"a1":-1.9708147079195077,"a2":0.9711814974884635,"b0":0.9901473540788235,"b1":-1.9708147079195077,"b2":0.9810341434096401,"type":"eq","f0":147.376515,"q":1.1731814394891493,"db":-9.999999999990933},{"a0":1,"a1":-1.8561787970198809,"a2":0.8823848723937161,"b0":1.024260327976593,"b1":-1.8561787970198809,"b2":0.8581245444171229,"type":"eq","f0":1276.228043,"q":1.1195930755361891,"db":2.9999999999998916},{"a0":1,"a1":-1.9856341018887504,"a2":0.9882153113828046,"b0":0.9984596322970933,"b1":-1.9856341018887504,"b2":0.9897556790857112,"type":"eq","f0":389.316924,"q":4.999999999999996,"db":-2.6320312802500867},{"a0":1,"a1":-1.9222043584414807,"a2":0.9493426020105309,"b0":1.0095028074564236,"b1":-1.9222043584414807,"b2":0.9398397945541072,"type":"eq","f0":1276.228043,"q":2.728227435707788,"db":2.7671875014495146},{"a0":1,"a1":-1.6460236614351533,"a2":0.8671374853780583,"b0":0.9779834223499512,"b1":-1.6460236614351533,"b2":0.8891540630281072,"type":"eq","f0":3755.590944,"q":4.0564627170603345,"db":-3.4969187613497574},{"a0":1,"a1":-1.8922057912044903,"a2":0.956594262288511,"b0":1.0068438583764618,"b1":-1.8922057912044903,"b2":0.9497504039120493,"type":"eq","f0":1965.297416,"q":4.99999999999999,"db":2.3807835842925584},{"a0":1,"a1":-1.801397178509688,"a2":0.9216355131474766,"b0":0.9893798813720128,"b1":-1.801397178509688,"b2":0.9322556317754639,"type":"eq","f0":2716.772567,"q":4.9999999999999964,"db":-2.745975720177669},{"a0":1,"a1":0.5725406708147163,"a2":0.37634146958968767,"b0":1.128641279402425,"b1":0.5725406708147163,"b2":0.2477001901872628,"type":"eq","f0":15277.534853,"q":0.8442870771642959,"db":2.9999999998653526},{"a0":1,"a1":-1.7411908280416168,"a2":0.9256834087637815,"b0":1.008357186179322,"b1":-1.7411908280416168,"b2":0.9173262225844597,"type":"eq","f0":3371.345665,"q":4.999999999999999,"db":1.7620671750663346},{"a0":1,